,Jeffery,Han,Base Paper,Actual
0,22.0,22.0,13.0,13
1,21.0,20.0,15.5,14
2,14.0,13.5,10.5,10
3,22.833333333333336,22.833333333333336,20.33333333333333,15
4,11.333333333333334,11.333333333333332,11.333333333333334,11
